,Hips_LeftUpLeg_LeftLeg_Angle_CV,Hips_LeftUpLeg_LeftLeg_Angle_RMS,Hips_LeftUpLeg_LeftLeg_Angle_STD,Hips_LeftUpLeg_LeftLeg_Angle_ZeroCross,Hips_RightUpLeg_RightLeg_Angle_CV,Hips_RightUpLeg_RightLeg_Angle_RMS,Hips_RightUpLeg_RightLeg_Angle_STD,Hips_RightUpLeg_RightLeg_Angle_ZeroCross,Hips_Spine1_Spine3_Angle_CV,Hips_Spine1_Spine3_Angle_RMS,Hips_Spine1_Spine3_Angle_STD,Hips_Spine1_Spine3_Angle_ZeroCross,LeftShoulder_LeftArm_LeftForeArm_Angle_CV,LeftShoulder_LeftArm_LeftForeArm_Angle_RMS,LeftShoulder_LeftArm_LeftForeArm_Angle_STD,LeftShoulder_LeftArm_LeftForeArm_Angle_ZeroCross,LeftUpLeg_LeftLeg_LeftFoot_Angle_CV,LeftUpLeg_LeftLeg_LeftFoot_Angle_RMS,LeftUpLeg_LeftLeg_LeftFoot_Angle_STD,LeftUpLeg_LeftLeg_LeftFoot_Angle_ZeroCross,MeanActiveJoints,RightShoulder_RightArm_RightForeArm_Angle_CV,RightShoulder_RightArm_RightForeArm_Angle_RMS,RightShoulder_RightArm_RightForeArm_Angle_STD,RightShoulder_RightArm_RightForeArm_Angle_ZeroCross,RightUpLeg_RightLeg_RightFoot_Angle_CV,RightUpLeg_RightLeg_RightFoot_Angle_RMS,RightUpLeg_RightLeg_RightFoot_Angle_STD,RightUpLeg_RightLeg_RightFoot_Angle_ZeroCross,Spine1_Spine3_Head_Angle_CV,Spine1_Spine3_Head_Angle_RMS,Spine1_Spine3_Head_Angle_STD,Spine1_Spine3_Head_Angle_ZeroCross,Spine3_LeftShoulder_LeftArm_Angle_CV,Spine3_LeftShoulder_LeftArm_Angle_RMS,Spine3_LeftShoulder_LeftArm_Angle_STD,Spine3_LeftShoulder_LeftArm_Angle_ZeroCross,Spine3_RightShoulder_RightArm_Angle_CV,Spine3_RightShoulder_RightArm_Angle_RMS,Spine3_RightShoulder_RightArm_Angle_STD,Spine3_RightShoulder_RightArm_Angle_ZeroCross
Hips_LeftUpLeg_LeftLeg_Angle_CV,1.0,0.4600693006859474,0.45933461408515963,-0.518041362772675,0.826095398480094,0.2931187563735232,0.29306587492406905,-0.7385976345459222,-0.4145909352761146,0.3917057679278683,0.391483873608592,-0.5552341609084358,0.5030114134780276,-0.10330466853275151,-0.10342411307582391,-0.45500959846157923,-0.2839997295067149,-0.0866621208440443,-0.0867559506545614,-0.7239900190438969,0.31464325229130424,0.5027361046739146,0.01066951809816763,0.01064558889899115,-0.4723192618855111,0.13940580203284775,0.07516866224805528,0.0751877800874821,-0.599619740393623,-0.41024491870646473,0.29452399115547273,0.2942331723770938,-0.35897971055189565,0.4495355571170683,-0.02643350562204338,-0.026450323105932913,-0.5090113200911252,0.35291132688767995,0.08477253935666566,0.08477446540437066,-0.6914315404281425
Hips_LeftUpLeg_LeftLeg_Angle_RMS,0.4600693006859474,1.0,0.9999995724037299,0.16450314426604187,0.7557915097532736,0.9382378147762108,0.9382096856793317,0.034718863070574854,-0.31809031989308806,0.789016799669314,0.7886797297179851,0.21900007490261883,0.5774362960075782,0.663637463466861,0.6635663396050733,0.1926721896270608,0.1652618433989707,0.7412809064470948,0.7411851926206248,-0.3849022411065663,0.7587444019592429,0.6008016000314825,0.5387347273476937,0.5387517945404976,0.2432211605878995,0.2676915753449037,0.8197625259037281,0.8197242699031486,-0.22863222577970954,0.03781757271272204,0.5742706888425252,0.5742831684855852,0.4393883241726841,0.5329679234923501,0.5961828668656538,0.5961800660357854,0.1379161520269502,0.6317186993622133,0.7060928407522503,0.7060897552632577,-0.13326351600860253
Hips_LeftUpLeg_LeftLeg_Angle_STD,0.45933461408515963,0.9999995724037299,1.0,0.1650349831532011,0.755349693443845,0.93830341946224,0.9382752983320193,0.03538533906129051,-0.31787323880201707,0.7890782064954036,0.788741389468487,0.21961498817417963,0.5772106261350306,0.6639433588113653,0.6638723476970145,0.1930969291237193,0.1656117712127115,0.7417225978764891,0.7416269745962708,-0.3844446015398576,0.7588690522426925,0.6006470696423877,0.5389192899098337,0.5389363735877369,0.24374012476454707,0.26783354084266614,0.8200639527914112,0.8200257282679747,-0.22817933712927163,0.03814471819998042,0.574282532687852,0.5742953443993721,0.4399084603001209,0.532739104901397,0.5964380229184112,0.5964352375434386,0.13841592798774724,0.6317502905176052,0.7063082335002233,0.7063051458869005,-0.13277368571629328
Hips_LeftUpLeg_LeftLeg_Angle_ZeroCross,-0.518041362772675,0.16450314426604187,0.1650349831532011,1.0,-0.1902604113808869,0.28659100270809484,0.28663150469560794,0.9078342051162538,-0.13923905893599747,0.03685657848544913,0.03687639414046989,0.8241775251885657,0.010313022040872113,0.6080752659893343,0.6081284857226368,0.7043197950669765,0.2998583893158322,0.5887800535730598,0.5888325436328297,0.567537246195943,0.23355712174639098,0.14853546759853317,0.49357685740597496,0.49357776810992243,0.7887792344943213,0.17463236853411643,0.40244060805449744,0.4023473519489675,0.5790830104485293,0.18704697515501975,-0.17133310325736167,-0.17114991012185987,0.874891795499098,-0.01938003515699443,0.39169539130236863,0.3916964693345996,0.8672373863302438,0.012478799585646166,0.3468103209664337,0.34680421985708576,0.7381276736493935
Hips_RightUpLeg_RightLeg_Angle_CV,0.826095398480094,0.7557915097532736,0.755349693443845,-0.1902604113808869,1.0,0.6525562028473862,0.6525388228728449,-0.42403298513624854,-0.2880934458639618,0.6124280403824338,0.6121488585285574,-0.18491646897808164,0.8092492455434998,0.38038398760096453,0.38027706155417146,-0.125272600723029,0.07406102279565975,0.31423018589227797,0.3141437109845112,-0.6392646331677674,0.5461560460288143,0.790907951011688,0.3980002546638362,0.39797143613633434,-0.10486248301152562,0.420410707801085,0.3519966678906526,0.35196314832612063,-0.33353614790390795,-0.04969660457930338,0.37876596991812345,0.3785921984800597,0.0724532581512893,0.5679690458812703,0.22432489447263027,0.2243054397618814,-0.16634337789538928,0.5853718994134485,0.3531484645661751,0.3531474530499166,-0.3877513745963402
Hips_RightUpLeg_RightLeg_Angle_RMS,0.2931187563735232,0.9382378147762108,0.93830341946224,0.28659100270809484,0.6525562028473862,1.0,0.9999999916655113,0.2434622204743984,-0.22500596248883098,0.750691984293778,0.7504187847192733,0.3706304613748452,0.5550912865767096,0.7625793760207122,0.7625302786525401,0.43170443035850836,0.2951961336982893,0.7732291657740612,0.7731518657760382,-0.17106430613496593,0.674691025969123,0.49590608183119633,0.5684006446537202,0.5684237792384453,0.44069408851012115,0.17306594893872645,0.8290025228466857,0.8289772389299894,-0.007740689008959634,0.11001595568313871,0.4301748877410882,0.4302189700131628,0.5694822057370675,0.5099490818390746,0.6479075362479048,0.6479042303096663,0.25970528954272176,0.587501774301702,0.7286296033986944,0.7286265259300361,0.05746485485571918
Hips_RightUpLeg_RightLeg_Angle_STD,0.29306587492406905,0.9382096856793317,0.9382752983320193,0.28663150469560794,0.6525388228728449,0.9999999916655113,1.0,0.24350924042592376,-0.22498139066907114,0.7506745830576561,0.7504013666862659,0.3706528412802774,0.5551167847803417,0.7626180764722855,0.7625689790100478,0.43175787843610547,0.29522361657139007,0.7732143674346369,0.7731370683460612,-0.17102884248626832,0.6746701604509618,0.4958975188348201,0.5684231764802666,0.5684463087138765,0.44073169751542796,0.17306675505345237,0.8289636209986286,0.8289383242719817,-0.007683867520842944,0.11007457099718017,0.43014065893219333,0.430184744560817,0.569511969706253,0.5099704092086295,0.6479243379695878,0.6479210304315798,0.25973866977552656,0.5875008473599134,0.7286397720696544,0.7286366943064272,0.057524457717488715
Hips_RightUpLeg_RightLeg_Angle_ZeroCross,-0.7385976345459222,0.034718863070574854,0.03538533906129051,0.9078342051162538,-0.42403298513624854,0.2434622204743984,0.24350924042592376,1.0,0.05362263395303803,-0.027746218511587914,-0.027620150566737032,0.8635369367599403,-0.20080099971807416,0.5309660242112056,0.5310564490445463,0.7882885488709244,0.3697419091484239,0.555045215069882,0.5551182416690792,0.7405941167158218,0.08723621413292197,-0.15392615233583506,0.3605290913798184,0.3605567062748601,0.8303248290293569,0.0010679806989279156,0.39411969570836325,0.3940682654941989,0.6960829520207651,0.22933173024728065,-0.23969131232998744,-0.2394393962096961,0.8114272109085133,-0.14715919950160403,0.37429167239563527,0.3743011631757495,0.8343127926593991,-0.07090819090979208,0.3042699700323185,0.3042660849821049,0.8171480682335849
Hips_Spine1_Spine3_Angle_CV,-0.4145909352761146,-0.31809031989308806,-0.31787323880201707,-0.13923905893599747,-0.2880934458639618,-0.22500596248883098,-0.22498139066907114,0.05362263395303803,1.0,-0.5439399256005022,-0.5439046220071074,0.19902394777609866,-0.26090837168843767,0.004087855346333095,0.0041338157728489444,0.13985333089326363,0.7148858666732272,-0.0566881422299547,-0.05667117161553238,0.18432072950564374,-0.6495372721601501,-0.09078886319024439,0.014204184904877674,0.014205087591235304,0.1644501076502208,0.18992880230842146,-0.09542043626853022,-0.09544846026059788,0.3234534777469892,0.6456887679373567,-0.4232110803605667,-0.42307505036299686,0.018816888331540393,-0.6135948840173895,-0.53288648216201,-0.5328803253614828,0.25374995522901195,-0.31902626523654476,-0.4359159405481183,-0.43591992455972856,0.34228018690344786
Hips_Spine1_Spine3_Angle_RMS,0.3917057679278683,0.789016799669314,0.7890782064954036,0.03685657848544913,0.6124280403824338,0.750691984293778,0.7506745830576561,-0.027746218511587914,-0.5439399256005022,1.0,0.9999996435708318,-0.03752882496286878,0.599030596640752,0.5138615591499804,0.5138339188261669,0.027276180100366188,-0.08550903829198063,0.534066611581861,0.5340424504064333,-0.36181340327027267,0.8725164929679802,0.44917971184324934,0.43221605053221124,0.43222324025204856,0.05107317082168553,0.16077797769994762,0.5200852420397766,0.5201153837754801,-0.21800129689265169,-0.25622972243024894,0.5850314491866208,0.5850458431489914,0.20822770738804094,0.6675434990499182,0.6540789802453562,0.6540756791400343,-0.16775045885905907,0.6312497230208735,0.6844453197835376,0.6844490431227972,-0.3273474158403662
Hips_Spine1_Spine3_Angle_STD,0.391483873608592,0.7886797297179851,0.788741389468487,0.03687639414046989,0.6121488585285574,0.7504187847192733,0.7504013666862659,-0.027620150566737032,-0.5439046220071074,0.9999996435708318,1.0,-0.037509289778710674,0.5989376143219295,0.5137221879237448,0.5136946689295196,0.02720618124372237,-0.0855187553300332,0.5339554912736414,0.533931470492385,-0.36160562514244693,0.8724685430352209,0.4490765520208417,0.43217073718314936,0.4321779310045229,0.05101561468135327,0.16081891757874897,0.5198182372621228,0.5198484756141838,-0.2178563129805406,-0.25643988899038755,0.5848353980950101,0.5848498583258692,0.2081316030160571,0.6674080543040707,0.6539877520290649,0.6539844572652899,-0.1677845860486978,0.6311716557660926,0.6842739627845285,0.6842776938759817,-0.3273698097399009
Hips_Spine1_Spine3_Angle_ZeroCross,-0.5552341609084358,0.21900007490261883,0.21961498817417963,0.8241775251885657,-0.18491646897808164,0.3706304613748452,0.3706528412802774,0.8635369367599403,0.19902394777609866,-0.03752882496286878,-0.037509289778710674,1.0,-0.03701306902797997,0.610795043916893,0.6108642634927445,0.7888909087701833,0.5440839737443637,0.7178029973958714,0.7178510918037396,0.5110262479712564,0.18231480506660458,0.10378144369389296,0.45502703599195227,0.45504396787120766,0.8570937012463907,0.10721615699413406,0.5774131377449218,0.5773682457688407,0.614727519322956,0.33477257124145693,-0.1441273539952252,-0.1438879326017238,0.9151655292516384,-0.10461762669083537,0.3637834931243848,0.3637883826492689,0.8665123377050074,0.05524103253556673,0.37084105874713696,0.3708363597943257,0.772757683341186
LeftShoulder_LeftArm_LeftForeArm_Angle_CV,0.5030114134780276,0.5774362960075782,0.5772106261350306,0.010313022040872113,0.8092492455434998,0.5550912865767096,0.5551167847803417,-0.20080099971807416,-0.26090837168843767,0.599030596640752,0.5989376143219295,-0.03701306902797997,1.0,0.48386732857284015,0.4838051683392216,-0.082909237579828,0.1105430849807178,0.29834497025513584,0.2983135598290967,-0.4104741859805091,0.5887054916127017,0.8022702075670038,0.4378775660186143,0.43783493805987983,-0.05501872937681881,0.41485950445631814,0.17136681816861,0.171338526346329,-0.11242192269354878,0.0830639958756571,0.3374965939902448,0.33738369585510664,0.20269858656858228,0.64038327123901,0.32416753420118904,0.32414796381674155,-0.12237229861068422,0.571136327051622,0.3565663228517504,0.3565662497425194,-0.251690866937664
LeftShoulder_LeftArm_LeftForeArm_Angle_RMS,-0.10330466853275151,0.663637463466861,0.6639433588113653,0.6080752659893343,0.38038398760096453,0.7625793760207122,0.7626180764722855,0.5309660242112056,0.004087855346333095,0.5138615591499804,0.5137221879237448,0.610795043916893,0.48386732857284015,1.0,0.9999999854435982,0.6093043115121494,0.4571661136269674,0.7884989847930832,0.7884830022024019,0.07542343436307138,0.5511980262934967,0.6049357229483672,0.916815995914252,0.9168221478192577,0.6696426925822572,0.22667805630094612,0.6022937578408554,0.60213769661099,0.3000383804990925,0.3587183215138906,0.2547713468625997,0.2548985367557436,0.7552687505536869,0.2395999541582464,0.547694271523186,0.5476903568858312,0.5825582046143148,0.2249287646629422,0.5446027994538506,0.5446003873209639,0.5028093084358092
LeftShoulder_LeftArm_LeftForeArm_Angle_STD,-0.10342411307582391,0.6635663396050733,0.6638723476970145,0.6081284857226368,0.38027706155417146,0.7625302786525401,0.7625689790100478,0.5310564490445463,0.0041338157728489444,0.5138339188261669,0.5136946689295196,0.6108642634927445,0.4838051683392216,0.9999999854435982,1.0,0.6093444557154557,0.4571972358332354,0.7885121383564252,0.7884961836370669,0.07551282239138922,0.5511753359020294,0.6048802221658448,0.9168184286131636,0.916824585386634,0.6696871695228501,0.2266745697623852,0.6022724232233343,0.6021163737059981,0.30010884117176706,0.3587293217296218,0.2547298293423038,0.25485705953697546,0.7552986893283438,0.2395402976663244,0.5476953862605219,0.5476914745181112,0.5826107334805626,0.2248963306818337,0.5445850911135319,0.5445826799755226,0.5028739258537233
LeftShoulder_LeftArm_LeftForeArm_Angle_ZeroCross,-0.45500959846157923,0.1926721896270608,0.1930969291237193,0.7043197950669765,-0.125272600723029,0.43170443035850836,0.43175787843610547,0.7882885488709244,0.13985333089326363,0.027276180100366188,0.02720618124372237,0.7888909087701833,-0.082909237579828,0.6093043115121494,0.6093444557154557,1.0,0.4713107083657563,0.4780444672376753,0.4780620178630887,0.4528647245115823,0.07769620933367065,-0.019022141955088636,0.4094612522845624,0.4094615743974428,0.9454259850343225,-0.13258080208455442,0.4391763907539774,0.439173692379014,0.5924104726239723,0.3760672177112821,-0.14997536566298966,-0.14978733231321525,0.7982807305194015,-0.024492147192805503,0.4312720274588786,0.43126616628425885,0.706453807370305,0.01934887705636073,0.40914047612427024,0.4091351389567852,0.7527089381633969
LeftUpLeg_LeftLeg_LeftFoot_Angle_CV,-0.2839997295067149,0.1652618433989707,0.1656117712127115,0.2998583893158322,0.07406102279565975,0.2951961336982893,0.29522361657139007,0.3697419091484239,0.7148858666732272,-0.08550903829198063,-0.0855187553300332,0.5440839737443637,0.1105430849807178,0.4571661136269674,0.4571972358332354,0.4713107083657563,1.0,0.4902962956889562,0.4903215209925373,0.24494209707659195,-0.22079781684328215,0.304469157288871,0.3761445816986257,0.37612222432830494,0.5857155748855005,0.5374396364182282,0.4096844459461228,0.40967567219172185,0.5847462413302478,0.5009217889622652,-0.47163967106925064,-0.47146222977860025,0.5754632429831861,-0.32866140022155876,-0.2406718784622927,-0.24067504187597735,0.6000419456676902,0.046415271050176385,-0.042150711274699625,-0.04215885627112911,0.43980481465749127
LeftUpLeg_LeftLeg_LeftFoot_Angle_RMS,-0.0866621208440443,0.7412809064470948,0.7417225978764891,0.5887800535730598,0.31423018589227797,0.7732291657740612,0.7732143674346369,0.555045215069882,-0.0566881422299547,0.534066611581861,0.5339554912736414,0.7178029973958714,0.29834497025513584,0.7884989847930832,0.7885121383564252,0.4780444672376753,0.4902962956889562,1.0,0.9999999810085821,0.1559832598090937,0.5997189233755238,0.4464403192987131,0.6815194596108367,0.6815474800609275,0.6301819788387835,0.35385863303581955,0.8972708008092862,0.8971880020356502,0.33513136999225035,0.06765959263971244,0.1734708127156461,0.17364770387337405,0.8028539306329531,0.1523142826911406,0.4661063996250044,0.46611316327482993,0.6293444070093467,0.338567886815217,0.557179749880081,0.5571769475998365,0.3852847707526817
LeftUpLeg_LeftLeg_LeftFoot_Angle_STD,-0.0867559506545614,0.7411851926206248,0.7416269745962708,0.5888325436328297,0.3141437109845112,0.7731518657760382,0.7731370683460612,0.5551182416690792,-0.05667117161553238,0.5340424504064333,0.533931470492385,0.7178510918037396,0.2983135598290967,0.7884830022024019,0.7884961836370669,0.4780620178630887,0.4903215209925373,0.9999999810085821,1.0,0.15608566644819918,0.5996975046932956,0.4464136605909831,0.6815255038344348,0.6815535214710005,0.6302182854205562,0.3538893717665416,0.8972148320211579,0.8971320441176723,0.33524250564935576,0.0676189772435139,0.17338635614852482,0.17356327443826078,0.8028760945439501,0.15225018151577957,0.46606748887448685,0.4660742534505411,0.6293860457891931,0.3385177430240731,0.5571197132916778,0.5571169123358752,0.3853448802999307
LeftUpLeg_LeftLeg_LeftFoot_Angle_ZeroCross,-0.7239900190438969,-0.3849022411065663,-0.3844446015398576,0.567537246195943,-0.6392646331677674,-0.17106430613496593,-0.17102884248626832,0.7405941167158218,0.18432072950564374,-0.36181340327027267,-0.36160562514244693,0.5110262479712564,-0.4104741859805091,0.07542343436307138,0.07551282239138922,0.4528647245115823,0.24494209707659195,0.1559832598090937,0.15608566644819918,1.0,-0.3764324699774721,-0.4218680934303503,-0.015332341732182118,-0.015313801641687233,0.5498427526725213,-0.12959875368734003,0.03343518384819196,0.03340976543784202,0.8194552195536084,0.03557334290963759,-0.5216990970016485,-0.521526331424797,0.38597438898472824,-0.5745838130013625,-0.16195037849290903,-0.16193677668384196,0.5307642315157021,-0.532908539345705,-0.3247446120595289,-0.3247473521649805,0.7226554530061778
MeanActiveJoints,0.31464325229130424,0.7587444019592429,0.7588690522426925,0.23355712174639098,0.5461560460288143,0.674691025969123,0.6746701604509618,0.08723621413292197,-0.6495372721601501,0.8725164929679802,0.8724685430352209,0.18231480506660458,0.5887054916127017,0.5511980262934967,0.5511753359020294,0.07769620933367065,-0.22079781684328215,0.5997189233755238,0.5996975046932956,-0.3764324699774721,1.0,0.4941682339354742,0.4925968967753211,0.4926073148663493,0.09884685084038383,0.08852149773531166,0.5207848001134022,0.5207657289191651,-0.25445665546643104,-0.23308478000025634,0.6905749426061063,0.6905928504969985,0.35064521944099786,0.7430901979220642,0.8027909060371992,0.8027874254457963,-0.016787108720280813,0.6276158038949624,0.795695703986494,0.7957001969800346,-0.1873807954220694
RightShoulder_RightArm_RightForeArm_Angle_CV,0.5027361046739146,0.6008016000314825,0.6006470696423877,0.14853546759853317,0.790907951011688,0.49590608183119633,0.4958975188348201,-0.15392615233583506,-0.09078886319024439,0.44917971184324934,0.4490765520208417,0.10378144369389296,0.8022702075670038,0.6049357229483672,0.6048802221658448,-0.019022141955088636,0.304469157288871,0.4464403192987131,0.4464136605909831,-0.4218680934303503,0.4941682339354742,1.0,0.7041171466032852,0.7040661356775976,0.10995022734278716,0.5688459451648723,0.29448290519683784,0.29437739542589997,-0.08674499561987459,0.13528236514704411,0.23340910281436988,0.23333429987421228,0.33260800785633077,0.30003218939111836,0.11779516448493177,0.11777729113592046,0.15310114864164537,0.32249234711049357,0.2046513170723388,0.20464888707310822,-0.07786980244701404
RightShoulder_RightArm_RightForeArm_Angle_RMS,0.01066951809816763,0.5387347273476937,0.5389192899098337,0.49357685740597496,0.3980002546638362,0.5684006446537202,0.5684231764802666,0.3605290913798184,0.014204184904877674,0.43221605053221124,0.43217073718314936,0.45502703599195227,0.4378775660186143,0.916815995914252,0.9168184286131636,0.4094612522845624,0.3761445816986257,0.6815194596108367,0.6815255038344348,-0.015332341732182118,0.4925968967753211,0.7041171466032852,1.0,0.9999999928143477,0.5094500337408695,0.29283053851866636,0.42244645944114584,0.4222294330626692,0.23365382881537824,0.22081856373193529,0.18945265122724353,0.18952341558279048,0.5769840185148208,0.10902362316870554,0.3371266807964724,0.3371220183359582,0.5206969924613831,0.04031579073404433,0.3283400319357197,0.32834088020186514,0.4546253622157898
RightShoulder_RightArm_RightForeArm_Angle_STD,0.01064558889899115,0.5387517945404976,0.5389363735877369,0.49357776810992243,0.39797143613633434,0.5684237792384453,0.5684463087138765,0.3605567062748601,0.014205087591235304,0.43222324025204856,0.4321779310045229,0.45504396787120766,0.43783493805987983,0.9168221478192577,0.916824585386634,0.4094615743974428,0.37612222432830494,0.6815474800609275,0.6815535214710005,-0.015313801641687233,0.4926073148663493,0.7040661356775976,0.9999999928143477,1.0,0.5094415994278917,0.29279799829008013,0.42247980861091494,0.42226277123374717,0.23363382192508067,0.2208107151843941,0.18948033908742232,0.18955111084078985,0.5769756547252017,0.10902412695261118,0.3371604561284276,0.3371557971672256,0.520711204118752,0.04031966665629809,0.32836792556716815,0.3283687745832656,0.45464003003416753
RightShoulder_RightArm_RightForeArm_Angle_ZeroCross,-0.4723192618855111,0.2432211605878995,0.24374012476454707,0.7887792344943213,-0.10486248301152562,0.44069408851012115,0.44073169751542796,0.8303248290293569,0.1644501076502208,0.05107317082168553,0.05101561468135327,0.8570937012463907,-0.05501872937681881,0.6696426925822572,0.6696871695228501,0.9454259850343225,0.5857155748855005,0.6301819788387835,0.6302182854205562,0.5498427526725213,0.09884685084038383,0.10995022734278716,0.5094500337408695,0.5094415994278917,1.0,0.044664055411320444,0.5457144203911072,0.545686988738745,0.715048929816602,0.332111453988044,-0.21008376523994304,-0.209862675472273,0.8907671916648717,-0.17573174289570967,0.3114750180319938,0.3114716807407009,0.8064547445906779,-0.060367006788780535,0.30110489282175784,0.3010981059999895,0.8050720014027971
RightUpLeg_RightLeg_RightFoot_Angle_CV,0.13940580203284775,0.2676915753449037,0.26783354084266614,0.17463236853411643,0.420410707801085,0.17306594893872645,0.17306675505345237,0.0010679806989279156,0.18992880230842146,0.16077797769994762,0.16081891757874897,0.10721615699413406,0.41485950445631814,0.22667805630094612,0.2266745697623852,-0.13258080208455442,0.5374396364182282,0.35385863303581955,0.3538893717665416,-0.12959875368734003,0.08852149773531166,0.5688459451648723,0.29283053851866636,0.29279799829008013,0.044664055411320444,1.0,0.19834442104586383,0.1982880522536108,0.19041831632783243,0.17736753342927764,-0.25880813948655623,-0.25876634644765517,0.2619379780096259,0.005027127747866416,-0.25664142636718984,-0.2566475705791468,0.35519561144302736,0.39469630111808085,-0.03267368114029561,-0.03267934274511645,-0.010999236361346438
RightUpLeg_RightLeg_RightFoot_Angle_RMS,0.07516866224805528,0.8197625259037281,0.8200639527914112,0.40244060805449744,0.3519966678906526,0.8290025228466857,0.8289636209986286,0.39411969570836325,-0.09542043626853022,0.5200852420397766,0.5198182372621228,0.5774131377449218,0.17136681816861,0.6022937578408554,0.6022724232233343,0.4391763907539774,0.4096844459461228,0.8972708008092862,0.8972148320211579,0.03343518384819196,0.5207848001134022,0.29448290519683784,0.42244645944114584,0.42247980861091494,0.5457144203911072,0.19834442104586383,1.0,0.9999999398419426,0.1215145101031982,0.026445398856128087,0.2536522304538381,0.25379469309286573,0.6806536136194635,0.17331096819825859,0.46458471610726343,0.46459221538316164,0.459394015106847,0.4084732026551136,0.6001917703788726,0.6001861086264278,0.17320176645290133
RightUpLeg_RightLeg_RightFoot_Angle_STD,0.0751877800874821,0.8197242699031486,0.8200257282679747,0.4023473519489675,0.35196314832612063,0.8289772389299894,0.8289383242719817,0.3940682654941989,-0.09544846026059788,0.5201153837754801,0.5198484756141838,0.5773682457688407,0.171338526346329,0.60213769661099,0.6021163737059981,0.439173692379014,0.40967567219172185,0.8971880020356502,0.8971320441176723,0.03340976543784202,0.5207657289191651,0.29437739542589997,0.4222294330626692,0.42226277123374717,0.545686988738745,0.1982880522536108,0.9999999398419426,1.0,0.12147949115438758,0.026380557363637716,0.2536403385111112,0.2537828154164069,0.6806120517364871,0.1733568361302361,0.46459807057161806,0.464605568222994,0.4592601456895762,0.4085811014533006,0.6002244545762521,0.6002187923308495,0.1730435462827346
RightUpLeg_RightLeg_RightFoot_Angle_ZeroCross,-0.599619740393623,-0.22863222577970954,-0.22817933712927163,0.5790830104485293,-0.33353614790390795,-0.007740689008959634,-0.007683867520842944,0.6960829520207651,0.3234534777469892,-0.21800129689265169,-0.2178563129805406,0.614727519322956,-0.11242192269354878,0.3000383804990925,0.30010884117176706,0.5924104726239723,0.5847462413302478,0.33513136999225035,0.33524250564935576,0.8194552195536084,-0.25445665546643104,-0.08674499561987459,0.23365382881537824,0.23363382192508067,0.715048929816602,0.19041831632783243,0.1215145101031982,0.12147949115438758,1.0,0.13988298729337362,-0.6354908355077983,-0.63531272360435,0.5795446681946135,-0.44301964822525886,-0.18795423028668437,-0.18795516787044703,0.6391982239007795,-0.3357034802609326,-0.22922799383308068,-0.22923147110761474,0.773480262800659
Spine1_Spine3_Head_Angle_CV,-0.41024491870646473,0.03781757271272204,0.03814471819998042,0.18704697515501975,-0.04969660457930338,0.11001595568313871,0.11007457099718017,0.22933173024728065,0.6456887679373567,-0.25622972243024894,-0.25643988899038755,0.33477257124145693,0.0830639958756571,0.3587183215138906,0.3587293217296218,0.3760672177112821,0.5009217889622652,0.06765959263971244,0.0676189772435139,0.03557334290963759,-0.23308478000025634,0.13528236514704411,0.22081856373193529,0.2208107151843941,0.332111453988044,0.17736753342927764,0.026445398856128087,0.026380557363637716,0.13988298729337362,1.0,0.09995428078746292,0.10011714274414808,0.28418648020116183,-0.172530183244493,0.05370781551605396,0.05370695858616675,0.3510298426299197,0.04702700290680319,0.05461654002599042,0.0546081917019177,0.4317176366304992
Spine1_Spine3_Head_Angle_RMS,0.29452399115547273,0.5742706888425252,0.574282532687852,-0.17133310325736167,0.37876596991812345,0.4301748877410882,0.43014065893219333,-0.23969131232998744,-0.4232110803605667,0.5850314491866208,0.5848353980950101,-0.1441273539952252,0.3374965939902448,0.2547713468625997,0.2547298293423038,-0.14997536566298966,-0.47163967106925064,0.1734708127156461,0.17338635614852482,-0.5216990970016485,0.6905749426061063,0.23340910281436988,0.18945265122724353,0.18948033908742232,-0.21008376523994304,-0.25880813948655623,0.2536522304538381,0.2536403385111112,-0.6354908355077983,0.09995428078746292,1.0,0.9999999318533771,-0.09629183492234111,0.5194491562289695,0.6780361652956358,0.6780408760330962,-0.3707100446136189,0.39648102304594507,0.5613015849854576,0.5613052133131697,-0.32812558598511926
Spine1_Spine3_Head_Angle_STD,0.2942331723770938,0.5742831684855852,0.5742953443993721,-0.17114991012185987,0.3785921984800597,0.4302189700131628,0.430184744560817,-0.2394393962096961,-0.42307505036299686,0.5850458431489914,0.5848498583258692,-0.1438879326017238,0.33738369585510664,0.2548985367557436,0.25485705953697546,-0.14978733231321525,-0.47146222977860025,0.17364770387337405,0.17356327443826078,-0.521526331424797,0.6905928504969985,0.23333429987421228,0.18952341558279048,0.18955111084078985,-0.209862675472273,-0.25876634644765517,0.25379469309286573,0.2537828154164069,-0.63531272360435,0.10011714274414808,0.9999999318533771,1.0,-0.09608957684259987,0.5193326559720635,0.678120323177209,0.6781250402088272,-0.3705147098307767,0.3964808100139607,0.5613816328481648,0.5613852598039917,-0.3279278360043709
Spine1_Spine3_Head_Angle_ZeroCross,-0.35897971055189565,0.4393883241726841,0.4399084603001209,0.874891795499098,0.0724532581512893,0.5694822057370675,0.569511969706253,0.8114272109085133,0.018816888331540393,0.20822770738804094,0.2081316030160571,0.9151655292516384,0.20269858656858228,0.7552687505536869,0.7552986893283438,0.7982807305194015,0.5754632429831861,0.8028539306329531,0.8028760945439501,0.38597438898472824,0.35064521944099786,0.33260800785633077,0.5769840185148208,0.5769756547252017,0.8907671916648717,0.2619379780096259,0.6806536136194635,0.6806120517364871,0.5795446681946135,0.28418648020116183,-0.09629183492234111,-0.09608957684259987,1.0,0.08025743178048952,0.44439482581215606,0.44439123561663063,0.8407175617501116,0.22035749337627045,0.4994330231060671,0.4994254966990357,0.6541600865329599
Spine3_LeftShoulder_LeftArm_Angle_CV,0.4495355571170683,0.5329679234923501,0.532739104901397,-0.01938003515699443,0.5679690458812703,0.5099490818390746,0.5099704092086295,-0.14715919950160403,-0.6135948840173895,0.6675434990499182,0.6674080543040707,-0.10461762669083537,0.64038327123901,0.2395999541582464,0.2395402976663244,-0.024492147192805503,-0.32866140022155876,0.1523142826911406,0.15225018151577957,-0.5745838130013625,0.7430901979220642,0.30003218939111836,0.10902362316870554,0.10902412695261118,-0.17573174289570967,0.005027127747866416,0.17331096819825859,0.1733568361302361,-0.44301964822525886,-0.172530183244493,0.5194491562289695,0.5193326559720635,0.08025743178048952,1.0,0.7242027026157745,0.724188488862206,-0.25851600688698834,0.8113478271619984,0.7848131985428848,0.7848167255348881,-0.43348907131648173
Spine3_LeftShoulder_LeftArm_Angle_RMS,-0.02643350562204338,0.5961828668656538,0.5964380229184112,0.39169539130236863,0.22432489447263027,0.6479075362479048,0.6479243379695878,0.37429167239563527,-0.53288648216201,0.6540789802453562,0.6539877520290649,0.3637834931243848,0.32416753420118904,0.547694271523186,0.5476953862605219,0.4312720274588786,-0.2406718784622927,0.4661063996250044,0.46606748887448685,-0.16195037849290903,0.8027909060371992,0.11779516448493177,0.3371266807964724,0.3371604561284276,0.3114750180319938,-0.25664142636718984,0.46458471610726343,0.46459807057161806,-0.18795423028668437,0.05370781551605396,0.6780361652956358,0.678120323177209,0.44439482581215606,0.7242027026157745,1.0,0.9999999993244881,0.11518443947054068,0.5768335655515259,0.9241619144066835,0.9241642612154719,0.06391951227600554
Spine3_LeftShoulder_LeftArm_Angle_STD,-0.026450323105932913,0.5961800660357854,0.5964352375434386,0.3916964693345996,0.2243054397618814,0.6479042303096663,0.6479210304315798,0.3743011631757495,-0.5328803253614828,0.6540756791400343,0.6539844572652899,0.3637883826492689,0.32414796381674155,0.5476903568858312,0.5476914745181112,0.43126616628425885,-0.24067504187597735,0.46611316327482993,0.4660742534505411,-0.16193677668384196,0.8027874254457963,0.11777729113592046,0.3371220183359582,0.3371557971672256,0.3114716807407009,-0.2566475705791468,0.46459221538316164,0.464605568222994,-0.18795516787044703,0.05370695858616675,0.6780408760330962,0.6781250402088272,0.44439123561663063,0.724188488862206,0.9999999993244881,1.0,0.11518830473673422,0.576825173873568,0.9241589492354113,0.9241612961620229,0.0639242614477301
Spine3_LeftShoulder_LeftArm_Angle_ZeroCross,-0.5090113200911252,0.1379161520269502,0.13841592798774724,0.8672373863302438,-0.16634337789538928,0.25970528954272176,0.25973866977552656,0.8343127926593991,0.25374995522901195,-0.16775045885905907,-0.1677845860486978,0.8665123377050074,-0.12237229861068422,0.5825582046143148,0.5826107334805626,0.706453807370305,0.6000419456676902,0.6293444070093467,0.6293860457891931,0.5307642315157021,-0.016787108720280813,0.15310114864164537,0.5206969924613831,0.520711204118752,0.8064547445906779,0.35519561144302736,0.459394015106847,0.4592601456895762,0.6391982239007795,0.3510298426299197,-0.3707100446136189,-0.3705147098307767,0.8407175617501116,-0.25851600688698834,0.11518443947054068,0.11518830473673422,1.0,-0.05366877142324199,0.17660180969869102,0.1765947384366745,0.8283362113176338
Spine3_RightShoulder_RightArm_Angle_CV,0.35291132688767995,0.6317186993622133,0.6317502905176052,0.012478799585646166,0.5853718994134485,0.587501774301702,0.5875008473599134,-0.07090819090979208,-0.31902626523654476,0.6312497230208735,0.6311716557660926,0.05524103253556673,0.571136327051622,0.2249287646629422,0.2248963306818337,0.01934887705636073,0.046415271050176385,0.338567886815217,0.3385177430240731,-0.532908539345705,0.6276158038949624,0.32249234711049357,0.04031579073404433,0.04031966665629809,-0.060367006788780535,0.39469630111808085,0.4084732026551136,0.4085811014533006,-0.3357034802609326,0.04702700290680319,0.39648102304594507,0.3964808100139607,0.22035749337627045,0.8113478271619984,0.5768335655515259,0.576825173873568,-0.05366877142324199,1.0,0.7615461025924152,0.7615448405244745,-0.4046328615215137
Spine3_RightShoulder_RightArm_Angle_RMS,0.08477253935666566,0.7060928407522503,0.7063082335002233,0.3468103209664337,0.3531484645661751,0.7286296033986944,0.7286397720696544,0.3042699700323185,-0.4359159405481183,0.6844453197835376,0.6842739627845285,0.37084105874713696,0.3565663228517504,0.5446027994538506,0.5445850911135319,0.40914047612427024,-0.042150711274699625,0.557179749880081,0.5571197132916778,-0.3247446120595289,0.795695703986494,0.2046513170723388,0.3283400319357197,0.32836792556716815,0.30110489282175784,-0.03267368114029561,0.6001917703788726,0.6002244545762521,-0.22922799383308068,0.05461654002599042,0.5613015849854576,0.5613816328481648,0.4994330231060671,0.7848131985428848,0.9241619144066835,0.9241589492354113,0.17660180969869102,0.7615461025924152,1.0,0.9999999998496163,-0.04539957312659711
Spine3_RightShoulder_RightArm_Angle_STD,0.08477446540437066,0.7060897552632577,0.7063051458869005,0.34680421985708576,0.3531474530499166,0.7286265259300361,0.7286366943064272,0.3042660849821049,-0.43591992455972856,0.6844490431227972,0.6842776938759817,0.3708363597943257,0.3565662497425194,0.5446003873209639,0.5445826799755226,0.4091351389567852,-0.04215885627112911,0.5571769475998365,0.5571169123358752,-0.3247473521649805,0.7957001969800346,0.20464888707310822,0.32834088020186514,0.3283687745832656,0.3010981059999895,-0.03267934274511645,0.6001861086264278,0.6002187923308495,-0.22923147110761474,0.0546081917019177,0.5613052133131697,0.5613852598039917,0.4994254966990357,0.7848167255348881,0.9241642612154719,0.9241612961620229,0.1765947384366745,0.7615448405244745,0.9999999998496163,1.0,-0.04540312820106346
Spine3_RightShoulder_RightArm_Angle_ZeroCross,-0.6914315404281425,-0.13326351600860253,-0.13277368571629328,0.7381276736493935,-0.3877513745963402,0.05746485485571918,0.057524457717488715,0.8171480682335849,0.34228018690344786,-0.3273474158403662,-0.3273698097399009,0.772757683341186,-0.251690866937664,0.5028093084358092,0.5028739258537233,0.7527089381633969,0.43980481465749127,0.3852847707526817,0.3853448802999307,0.7226554530061778,-0.1873807954220694,-0.07786980244701404,0.4546253622157898,0.45464003003416753,0.8050720014027971,-0.010999236361346438,0.17320176645290133,0.1730435462827346,0.773480262800659,0.4317176366304992,-0.32812558598511926,-0.3279278360043709,0.6541600865329599,-0.43348907131648173,0.06391951227600554,0.0639242614477301,0.8283362113176338,-0.4046328615215137,-0.04539957312659711,-0.04540312820106346,1.0
