Participant,Delta_Spine3_LeftShoulder_LeftArm_Angle_ZeroCross,Delta_Spine3_RightShoulder_RightArm_Angle_ZeroCross,Delta_LeftShoulder_LeftArm_LeftForeArm_Angle_ZeroCross,Delta_RightShoulder_RightArm_RightForeArm_Angle_ZeroCross,Delta_Hips_LeftUpLeg_LeftLeg_Angle_ZeroCross,Delta_Hips_RightUpLeg_RightLeg_Angle_ZeroCross,Delta_LeftUpLeg_LeftLeg_LeftFoot_Angle_ZeroCross,Delta_RightUpLeg_RightLeg_RightFoot_Angle_ZeroCross,Delta_Hips_Spine1_Spine3_Angle_ZeroCross,Delta_Spine1_Spine3_Head_Angle_ZeroCross
101,13,-4,2,-18,10,16,-7,-28,25,3
508,-31,-22,-26,-48,-31,-34,-31,-35,-54,-53
615,-18,-44,-24,-24,-33,-21,-35,-25,-13,-9
631,12,2,-27,-7,28,9,-4,0,9,30
762,-10,-3,0,-4,-5,-5,-11,-6,-23,-7
863,-14,6,15,15,-22,-8,-5,22,23,8
892,-10,-11,26,10,-12,-9,-39,-40,-24,-13
